date,season,day,publicholiday,dailyload
01-01-2015,Winter,Weekday,yes,604197
02-01-2015,Winter,Weekend,no,555700
03-01-2015,Winter,Weekend,no,522764
04-01-2015,Winter,Weekend,no,500494
05-01-2015,Winter,Weekday,no,649523
06-01-2015,Winter,Weekday,yes,571118
07-01-2015,Winter,Weekday,no,698543
08-01-2015,Winter,Weekday,no,718908
09-01-2015,Winter,Weekend,no,610899
10-01-2015,Winter,Weekend,no,551725
11-01-2015,Winter,Weekend,no,545154
12-01-2015,Winter,Weekday,no,688064
13-01-2015,Winter,Weekday,no,730366
14-01-2015,Winter,Weekday,no,745093
15-01-2015,Winter,Weekday,no,793218
16-01-2015,Winter,Weekend,no,765769
17-01-2015,Winter,Weekend,no,678041
18-01-2015,Winter,Weekend,no,666869
19-01-2015,Winter,Weekday,no,670494
20-01-2015,Winter,Weekday,no,729966
21-01-2015,Winter,Weekday,no,641123
22-01-2015,Winter,Weekday,no,662634
23-01-2015,Winter,Weekend,no,678546
24-01-2015,Winter,Weekend,no,619933
25-01-2015,Winter,Weekend,no,604384
26-01-2015,Winter,Weekday,no,718592
27-01-2015,Winter,Weekday,no,703738
28-01-2015,Winter,Weekday,no,731344
29-01-2015,Winter,Weekday,no,719009
30-01-2015,Winter,Weekend,no,640092
31-01-2015,Winter,Weekend,no,599973
01-02-2015,Winter,Weekend,no,668904
02-02-2015,Winter,Weekday,no,815636
03-02-2015,Winter,Weekday,no,804965
04-02-2015,Winter,Weekday,no,796734
05-02-2015,Winter,Weekday,no,742732
06-02-2015,Winter,Weekend,no,755606
07-02-2015,Winter,Weekend,no,715347
08-02-2015,Winter,Weekend,no,667033
09-02-2015,Winter,Weekday,no,813432
10-02-2015,Winter,Weekday,no,801420
11-02-2015,Winter,Weekday,no,830180
12-02-2015,Winter,Weekday,no,795557
13-02-2015,Winter,Weekend,no,764268
14-02-2015,Winter,Weekend,no,682398
15-02-2015,Winter,Weekend,no,644946
16-02-2015,Winter,Weekday,no,760614
17-02-2015,Winter,Weekday,no,764762
18-02-2015,Winter,Weekday,no,797324
19-02-2015,Winter,Weekday,no,779606
20-02-2015,Winter,Weekend,no,775743
21-02-2015,Winter,Weekend,no,633353
22-02-2015,Winter,Weekend,no,645460
23-02-2015,Winter,Weekday,no,774250
24-02-2015,Winter,Weekday,no,803799
25-02-2015,Winter,Weekday,no,789086
26-02-2015,Winter,Weekday,no,800593
27-02-2015,Winter,Weekend,no,784726
28-02-2015,Winter,Weekend,no,705732
01-03-2015,Spring,Weekend,no,616786
02-03-2015,Spring,Weekday,no,741176
03-03-2015,Spring,Weekday,no,742517
04-03-2015,Spring,Weekday,no,795830
05-03-2015,Spring,Weekday,no,809536
06-03-2015,Spring,Weekend,no,780934
07-03-2015,Spring,Weekend,no,690322
08-03-2015,Spring,Weekend,no,610157
09-03-2015,Spring,Weekday,no,765763
10-03-2015,Spring,Weekday,no,761283
11-03-2015,Spring,Weekday,no,769452
12-03-2015,Spring,Weekday,no,758968
13-03-2015,Spring,Weekend,no,761580
14-03-2015,Spring,Weekend,no,663998
15-03-2015,Spring,Weekend,no,608758
16-03-2015,Spring,Weekday,no,750828
17-03-2015,Spring,Weekday,no,730696
18-03-2015,Spring,Weekday,no,749998
19-03-2015,Spring,Weekday,no,742664
20-03-2015,Spring,Weekend,no,727572
21-03-2015,Spring,Weekend,no,668609
22-03-2015,Spring,Weekend,no,575706
23-03-2015,Spring,Weekday,no,711188
24-03-2015,Spring,Weekday,no,724048
25-03-2015,Spring,Weekday,no,713093
26-03-2015,Spring,Weekday,no,699777
27-03-2015,Spring,Weekend,no,662720
28-03-2015,Spring,Weekend,no,613301
29-03-2015,Spring,Weekend,no,557100
30-03-2015,Spring,Weekday,no,665723
31-03-2015,Spring,Weekday,no,677137
01-04-2015,Spring,Weekday,no,741529
02-04-2015,Spring,Weekday,no,740329
03-04-2015,Spring,Weekend,no,656583
04-04-2015,Spring,Weekend,no,636001
05-04-2015,Spring,Weekend,yes,590817
06-04-2015,Spring,Weekday,yes,588529
07-04-2015,Spring,Weekday,no,735971
08-04-2015,Spring,Weekday,no,733810
09-04-2015,Spring,Weekday,no,718554
10-04-2015,Spring,Weekend,no,663645
11-04-2015,Spring,Weekend,no,573431
12-04-2015,Spring,Weekend,no,510941
13-04-2015,Spring,Weekday,no,632702
14-04-2015,Spring,Weekday,no,666965
15-04-2015,Spring,Weekday,no,651057
16-04-2015,Spring,Weekday,no,641504
17-04-2015,Spring,Weekend,no,686935
18-04-2015,Spring,Weekend,no,564435
19-04-2015,Spring,Weekend,no,553619
20-04-2015,Spring,Weekday,no,668010
21-04-2015,Spring,Weekday,no,645792
22-04-2015,Spring,Weekday,no,675692
23-04-2015,Spring,Weekday,no,676417
24-04-2015,Spring,Weekend,no,664855
25-04-2015,Spring,Weekend,no,567347
26-04-2015,Spring,Weekend,no,504970
27-04-2015,Spring,Weekday,no,620734
28-04-2015,Spring,Weekday,no,687524
29-04-2015,Spring,Weekday,no,678186
30-04-2015,Spring,Weekday,no,703317
01-05-2015,Spring,Weekend,yes,562278
02-05-2015,Spring,Weekend,no,553081
03-05-2015,Spring,Weekend,no,512015
04-05-2015,Spring,Weekday,no,654744
05-05-2015,Spring,Weekday,no,657907
06-05-2015,Spring,Weekday,no,660706
07-05-2015,Spring,Weekday,no,671403
08-05-2015,Spring,Weekend,no,641720
09-05-2015,Spring,Weekend,no,496726
10-05-2015,Spring,Weekend,no,444474
11-05-2015,Spring,Weekday,no,583541
12-05-2015,Spring,Weekday,no,579509
13-05-2015,Spring,Weekday,no,572101
14-05-2015,Spring,Weekday,yes,441024
15-05-2015,Spring,Weekend,no,540340
16-05-2015,Spring,Weekend,no,476061
17-05-2015,Spring,Weekend,no,448181
18-05-2015,Spring,Weekday,no,614284
19-05-2015,Spring,Weekday,no,651968
20-05-2015,Spring,Weekday,no,658846
21-05-2015,Spring,Weekday,no,655797
22-05-2015,Spring,Weekend,no,661220
23-05-2015,Spring,Weekend,no,588847
24-05-2015,Spring,Weekend,yes,496921
25-05-2015,Spring,Weekday,yes,464812
26-05-2015,Spring,Weekday,no,613867
27-05-2015,Spring,Weekday,no,637923
28-05-2015,Spring,Weekday,no,663312
29-05-2015,Spring,Weekend,no,619840
30-05-2015,Spring,Weekend,no,528520
31-05-2015,Spring,Weekend,no,472619
01-06-2015,Summer,Weekday,no,652808
02-06-2015,Summer,Weekday,no,663264
03-06-2015,Summer,Weekday,no,650804
04-06-2015,Summer,Weekday,yes,494842
05-06-2015,Summer,Weekend,no,583568
06-06-2015,Summer,Weekend,no,524676
07-06-2015,Summer,Weekend,no,497350
08-06-2015,Summer,Weekday,no,649562
09-06-2015,Summer,Weekday,no,621639
10-06-2015,Summer,Weekday,no,633716
11-06-2015,Summer,Weekday,no,666600
12-06-2015,Summer,Weekend,no,616397
13-06-2015,Summer,Weekend,no,543599
14-06-2015,Summer,Weekend,no,511600
15-06-2015,Summer,Weekday,no,650405
16-06-2015,Summer,Weekday,no,643064
17-06-2015,Summer,Weekday,no,664760
18-06-2015,Summer,Weekday,no,733471
19-06-2015,Summer,Weekend,no,652797
20-06-2015,Summer,Weekend,no,534221
21-06-2015,Summer,Weekend,no,465557
22-06-2015,Summer,Weekday,no,628470
23-06-2015,Summer,Weekday,no,669246
24-06-2015,Summer,Weekday,no,633801
25-06-2015,Summer,Weekday,no,662154
26-06-2015,Summer,Weekend,no,645704
27-06-2015,Summer,Weekend,no,568430
28-06-2015,Summer,Weekend,no,472721
29-06-2015,Summer,Weekday,no,647980
30-06-2015,Summer,Weekday,no,662256
01-07-2015,Summer,Weekday,no,646818
02-07-2015,Summer,Weekday,no,669401
03-07-2015,Summer,Weekend,no,660294
04-07-2015,Summer,Weekend,no,572646
05-07-2015,Summer,Weekend,no,531068
06-07-2015,Summer,Weekday,no,673396
07-07-2015,Summer,Weekday,no,672993
08-07-2015,Summer,Weekday,no,675720
09-07-2015,Summer,Weekday,no,659109
10-07-2015,Summer,Weekend,no,648110
11-07-2015,Summer,Weekend,no,565250
12-07-2015,Summer,Weekend,no,517347
13-07-2015,Summer,Weekday,no,665742
14-07-2015,Summer,Weekday,no,682162
15-07-2015,Summer,Weekday,no,674274
16-07-2015,Summer,Weekday,no,669917
17-07-2015,Summer,Weekend,no,659301
18-07-2015,Summer,Weekend,no,562320
19-07-2015,Summer,Weekend,no,534321
20-07-2015,Summer,Weekday,no,665397
21-07-2015,Summer,Weekday,no,686651
22-07-2015,Summer,Weekday,no,682823
23-07-2015,Summer,Weekday,no,665445
24-07-2015,Summer,Weekend,no,656571
25-07-2015,Summer,Weekend,no,547189
26-07-2015,Summer,Weekend,no,492896
27-07-2015,Summer,Weekday,no,637176
28-07-2015,Summer,Weekday,no,602323
29-07-2015,Summer,Weekday,no,579405
30-07-2015,Summer,Weekday,no,552444
31-07-2015,Summer,Weekend,no,570491
01-08-2015,Summer,Weekend,no,519093
02-08-2015,Summer,Weekend,no,440051
03-08-2015,Summer,Weekday,no,524809
04-08-2015,Summer,Weekday,no,614773
05-08-2015,Summer,Weekday,no,594003
06-08-2015,Summer,Weekday,no,629800
07-08-2015,Summer,Weekend,no,594397
08-08-2015,Summer,Weekend,no,493444
09-08-2015,Summer,Weekend,no,522955
10-08-2015,Summer,Weekday,no,564233
11-08-2015,Summer,Weekday,no,608298
12-08-2015,Summer,Weekday,no,619330
13-08-2015,Summer,Weekday,no,585789
14-08-2015,Summer,Weekend,no,554840
15-08-2015,Summer,Weekend,yes,543133
16-08-2015,Summer,Weekend,no,543786
17-08-2015,Summer,Weekday,no,617727
18-08-2015,Summer,Weekday,no,638968
19-08-2015,Summer,Weekday,no,647886
20-08-2015,Summer,Weekday,no,648961
21-08-2015,Summer,Weekend,no,641070
22-08-2015,Summer,Weekend,no,554531
23-08-2015,Summer,Weekend,no,519174
24-08-2015,Summer,Weekday,no,650688
25-08-2015,Summer,Weekday,no,627308
26-08-2015,Summer,Weekday,no,662140
27-08-2015,Summer,Weekday,no,640676
28-08-2015,Summer,Weekend,no,664228
29-08-2015,Summer,Weekend,no,570576
30-08-2015,Summer,Weekend,no,518839
31-08-2015,Summer,Weekday,no,586992
01-09-2015,Autum,Weekday,no,604097
02-09-2015,Autum,Weekday,no,685933
03-09-2015,Autum,Weekday,no,640490
04-09-2015,Autum,Weekend,no,637530
05-09-2015,Autum,Weekend,no,569550
06-09-2015,Autum,Weekend,no,502003
07-09-2015,Autum,Weekday,no,628861
08-09-2015,Autum,Weekday,no,674978
09-09-2015,Autum,Weekday,no,634332
10-09-2015,Autum,Weekday,no,629430
11-09-2015,Autum,Weekend,no,602383
12-09-2015,Autum,Weekend,no,519295
13-09-2015,Autum,Weekend,no,520758
14-09-2015,Autum,Weekday,no,642565
15-09-2015,Autum,Weekday,no,535342
16-09-2015,Autum,Weekday,no,601154
17-09-2015,Autum,Weekday,no,561570
18-09-2015,Autum,Weekend,no,611247
19-09-2015,Autum,Weekend,no,556295
20-09-2015,Autum,Weekend,no,536903
21-09-2015,Autum,Weekday,no,624368
22-09-2015,Autum,Weekday,no,636769
23-09-2015,Autum,Weekday,no,658136
24-09-2015,Autum,Weekday,no,493349
25-09-2015,Autum,Weekend,no,601589
26-09-2015,Autum,Weekend,no,551412
27-09-2015,Autum,Weekend,no,531873
28-09-2015,Autum,Weekday,no,696506
29-09-2015,Autum,Weekday,no,693223
30-09-2015,Autum,Weekday,no,669544
01-10-2015,Autum,Weekday,no,700250
02-10-2015,Autum,Weekend,no,678670
03-10-2015,Autum,Weekend,no,581561
04-10-2015,Autum,Weekend,no,537251
05-10-2015,Autum,Weekday,no,682052
06-10-2015,Autum,Weekday,no,705323
07-10-2015,Autum,Weekday,no,711005
08-10-2015,Autum,Weekday,no,700512
09-10-2015,Autum,Weekend,no,670328
10-10-2015,Autum,Weekend,no,581886
11-10-2015,Autum,Weekend,no,544518
12-10-2015,Autum,Weekday,no,698713
13-10-2015,Autum,Weekday,no,709248
14-10-2015,Autum,Weekday,no,703876
15-10-2015,Autum,Weekday,no,709150
16-10-2015,Autum,Weekend,no,688940
17-10-2015,Autum,Weekend,no,586033
18-10-2015,Autum,Weekend,no,545578
19-10-2015,Autum,Weekday,no,696442
20-10-2015,Autum,Weekday,no,717253
21-10-2015,Autum,Weekday,no,721774
22-10-2015,Autum,Weekday,no,719348
23-10-2015,Autum,Weekend,no,698452
24-10-2015,Autum,Weekend,no,587819
25-10-2015,Autum,Weekend,no,519273
26-10-2015,Autum,Weekday,yes,543464
27-10-2015,Autum,Weekday,no,697170
28-10-2015,Autum,Weekday,no,704092
29-10-2015,Autum,Weekday,no,712865
30-10-2015,Autum,Weekend,no,694949
31-10-2015,Autum,Weekend,no,585343
01-11-2015,Autum,Weekend,yes,540168
02-11-2015,Autum,Weekday,no,694091
03-11-2015,Autum,Weekday,no,716631
04-11-2015,Autum,Weekday,no,730229
05-11-2015,Autum,Weekday,no,723677
06-11-2015,Autum,Weekend,no,708659
07-11-2015,Autum,Weekend,no,607783
08-11-2015,Autum,Weekend,no,550632
09-11-2015,Autum,Weekday,no,719002
10-11-2015,Autum,Weekday,no,684214
11-11-2015,Autum,Weekday,no,723295
12-11-2015,Autum,Weekday,no,724145
13-11-2015,Autum,Weekend,no,716445
14-11-2015,Autum,Weekend,no,564507
15-11-2015,Autum,Weekend,no,568417
16-11-2015,Autum,Weekday,no,720786
17-11-2015,Autum,Weekday,no,738565
18-11-2015,Autum,Weekday,no,728198
19-11-2015,Autum,Weekday,no,747697
20-11-2015,Autum,Weekend,no,734167
21-11-2015,Autum,Weekend,no,665328
22-11-2015,Autum,Weekend,no,635421
23-11-2015,Autum,Weekday,no,787826
24-11-2015,Autum,Weekday,no,794239
25-11-2015,Autum,Weekday,no,830343
26-11-2015,Autum,Weekday,no,834581
27-11-2015,Autum,Weekend,no,814492
28-11-2015,Autum,Weekend,no,685569
29-11-2015,Autum,Weekend,no,183649
30-11-2015,Autum,Weekday,no,792735
01-12-2015,Winter,Weekday,no,779289
02-12-2015,Winter,Weekday,no,763179
03-12-2015,Winter,Weekday,no,775816
04-12-2015,Winter,Weekend,no,730062
05-12-2015,Winter,Weekend,no,672812
06-12-2015,Winter,Weekend,no,615462
07-12-2015,Winter,Weekday,no,728126
08-12-2015,Winter,Weekday,yes,658040
09-12-2015,Winter,Weekday,no,779891
10-12-2015,Winter,Weekday,no,797482
11-12-2015,Winter,Weekend,no,799844
12-12-2015,Winter,Weekend,no,708625
13-12-2015,Winter,Weekend,no,647257
14-12-2015,Winter,Weekday,no,800117
15-12-2015,Winter,Weekday,no,834682
16-12-2015,Winter,Weekday,no,831855
17-12-2015,Winter,Weekday,no,809986
18-12-2015,Winter,Weekend,no,780518
19-12-2015,Winter,Weekend,no,675281
20-12-2015,Winter,Weekend,no,634865
21-12-2015,Winter,Weekday,no,773341
22-12-2015,Winter,Weekday,no,755108
23-12-2015,Winter,Weekday,no,714207
24-12-2015,Winter,Weekday,no,576446
25-12-2015,Winter,Weekend,yes,227147
26-12-2015,Winter,Weekend,yes,590317
27-12-2015,Winter,Weekend,no,593772
28-12-2015,Winter,Weekday,no,645471
29-12-2015,Winter,Weekday,no,391924
30-12-2015,Winter,Weekday,no,678700
31-12-2015,Winter,Weekday,no,656627
01-01-2016,Winter,Weekend,yes,608426
02-01-2016,Winter,Weekend,no,667564
03-01-2016,Winter,Weekend,no,668825
04-01-2016,Winter,Weekday,no,775977
05-01-2016,Winter,Weekday,no,787103
06-01-2016,Winter,Weekday,yes,708172
07-01-2016,Winter,Weekday,no,785017
08-01-2016,Winter,Weekend,no,766443
09-01-2016,Winter,Weekend,no,689694
10-01-2016,Winter,Weekend,no,643098
11-01-2016,Winter,Weekday,no,793047
12-01-2016,Winter,Weekday,no,800322
13-01-2016,Winter,Weekday,no,822172
14-01-2016,Winter,Weekday,no,821867
15-01-2016,Winter,Weekend,no,820378
16-01-2016,Winter,Weekend,no,729131
17-01-2016,Winter,Weekend,no,690849
18-01-2016,Winter,Weekday,no,849788
19-01-2016,Winter,Weekday,no,876305
20-01-2016,Winter,Weekday,no,864681
21-01-2016,Winter,Weekday,no,864199
22-01-2016,Winter,Weekend,no,854443
23-01-2016,Winter,Weekend,no,764021
24-01-2016,Winter,Weekend,no,681080
25-01-2016,Winter,Weekday,no,810654
26-01-2016,Winter,Weekday,no,801675
27-01-2016,Winter,Weekday,no,799740
28-01-2016,Winter,Weekday,no,790603
29-01-2016,Winter,Weekend,no,771272
30-01-2016,Winter,Weekend,no,686014
31-01-2016,Winter,Weekend,no,642991
01-02-2016,Winter,Weekday,no,772767
02-02-2016,Winter,Weekday,no,772955
03-02-2016,Winter,Weekday,no,799623
04-02-2016,Winter,Weekday,no,805164
05-02-2016,Winter,Weekend,no,778283
06-02-2016,Winter,Weekend,no,677238
07-02-2016,Winter,Weekend,no,634328
08-02-2016,Winter,Weekday,no,764909
09-02-2016,Winter,Weekday,no,752622
10-02-2016,Winter,Weekday,no,801588
11-02-2016,Winter,Weekday,no,801425
12-02-2016,Winter,Weekend,no,786788
13-02-2016,Winter,Weekend,no,674987
14-02-2016,Winter,Weekend,no,635051
15-02-2016,Winter,Weekday,no,781755
16-02-2016,Winter,Weekday,no,805893
17-02-2016,Winter,Weekday,no,811182
18-02-2016,Winter,Weekday,no,810471
19-02-2016,Winter,Weekend,no,795478
20-02-2016,Winter,Weekend,no,686595
21-02-2016,Winter,Weekend,no,626712
22-02-2016,Winter,Weekday,no,741602
23-02-2016,Winter,Weekday,no,771717
24-02-2016,Winter,Weekday,no,777869
25-02-2016,Winter,Weekday,no,795521
26-02-2016,Winter,Weekend,no,766229
27-02-2016,Winter,Weekend,no,673311
28-02-2016,Winter,Weekend,no,626524
29-02-2016,Winter,Weekday,no,782982
01-03-2016,Spring,Weekday,no,805676
02-03-2016,Spring,Weekday,no,787703
03-03-2016,Spring,Weekday,no,807971
04-03-2016,Spring,Weekend,no,771599
05-03-2016,Spring,Weekend,no,670460
06-03-2016,Spring,Weekend,no,621643
07-03-2016,Spring,Weekday,no,787514
08-03-2016,Spring,Weekday,no,799098
09-03-2016,Spring,Weekday,no,779991
10-03-2016,Spring,Weekday,no,780854
11-03-2016,Spring,Weekend,no,777038
12-03-2016,Spring,Weekend,no,678357
13-03-2016,Spring,Weekend,no,632400
14-03-2016,Spring,Weekday,no,761511
15-03-2016,Spring,Weekday,no,804180
16-03-2016,Spring,Weekday,no,793813
17-03-2016,Spring,Weekday,no,768841
18-03-2016,Spring,Weekend,no,745115
19-03-2016,Spring,Weekend,no,646126
20-03-2016,Spring,Weekend,no,593209
21-03-2016,Spring,Weekday,no,735381
22-03-2016,Spring,Weekday,no,754870
23-03-2016,Spring,Weekday,no,763109
24-03-2016,Spring,Weekday,no,766680
25-03-2016,Spring,Weekend,no,732124
26-03-2016,Spring,Weekend,no,639545
27-03-2016,Spring,Weekend,yes,559058
28-03-2016,Spring,Weekday,yes,565906
29-03-2016,Spring,Weekday,no,716712
30-03-2016,Spring,Weekday,no,713599
31-03-2016,Spring,Weekday,no,705823
01-04-2016,Spring,Weekend,no,706704
02-04-2016,Spring,Weekend,no,593589
03-04-2016,Spring,Weekend,no,539005
04-04-2016,Spring,Weekday,no,678592
05-04-2016,Spring,Weekday,no,684426
06-04-2016,Spring,Weekday,no,700802
07-04-2016,Spring,Weekday,no,712754
08-04-2016,Spring,Weekend,no,721435
09-04-2016,Spring,Weekend,no,612959
10-04-2016,Spring,Weekend,no,546598
11-04-2016,Spring,Weekday,no,684071
12-04-2016,Spring,Weekday,no,699734
13-04-2016,Spring,Weekday,no,690125
14-04-2016,Spring,Weekday,no,709978
15-04-2016,Spring,Weekend,no,677673
16-04-2016,Spring,Weekend,no,571873
17-04-2016,Spring,Weekend,no,532045
18-04-2016,Spring,Weekday,no,698203
19-04-2016,Spring,Weekday,no,689320
20-04-2016,Spring,Weekday,no,677790
21-04-2016,Spring,Weekday,no,677938
22-04-2016,Spring,Weekend,no,665651
23-04-2016,Spring,Weekend,no,580975
24-04-2016,Spring,Weekend,no,552843
25-04-2016,Spring,Weekday,no,711712
26-04-2016,Spring,Weekday,no,713411
27-04-2016,Spring,Weekday,no,743624
28-04-2016,Spring,Weekday,no,729092
29-04-2016,Spring,Weekend,no,683951
30-04-2016,Spring,Weekend,no,570260
01-05-2016,Spring,Weekend,yes,551492
02-05-2016,Spring,Weekday,no,702926
03-05-2016,Spring,Weekday,no,696094
04-05-2016,Spring,Weekday,no,715188
05-05-2016,Spring,Weekday,yes,559396
06-05-2016,Spring,Weekend,no,604323
07-05-2016,Spring,Weekend,no,549314
08-05-2016,Spring,Weekend,no,508477
09-05-2016,Spring,Weekday,no,653680
10-05-2016,Spring,Weekday,no,678190
11-05-2016,Spring,Weekday,no,683962
12-05-2016,Spring,Weekday,no,706010
13-05-2016,Spring,Weekend,no,686091
14-05-2016,Spring,Weekend,no,574629
15-05-2016,Spring,Weekend,yes,524295
16-05-2016,Spring,Weekday,yes,531341
17-05-2016,Spring,Weekday,no,674872
18-05-2016,Spring,Weekday,no,668162
19-05-2016,Spring,Weekday,no,687847
20-05-2016,Spring,Weekend,no,679024
21-05-2016,Spring,Weekend,no,558696
22-05-2016,Spring,Weekend,no,509556
23-05-2016,Spring,Weekday,no,670710
24-05-2016,Spring,Weekday,no,693867
25-05-2016,Spring,Weekday,no,661919
26-05-2016,Spring,Weekday,yes,519798
27-05-2016,Spring,Weekend,no,595591
28-05-2016,Spring,Weekend,no,536104
29-05-2016,Spring,Weekend,no,504575
30-05-2016,Spring,Weekday,no,661579
31-05-2016,Spring,Weekday,no,678423
01-06-2016,Summer,Weekday,no,687087
02-06-2016,Summer,Weekday,no,684921
03-06-2016,Summer,Weekend,no,660360
04-06-2016,Summer,Weekend,no,560362
05-06-2016,Summer,Weekend,no,517871
06-06-2016,Summer,Weekday,no,657948
07-06-2016,Summer,Weekday,no,659189
08-06-2016,Summer,Weekday,no,669736
09-06-2016,Summer,Weekday,no,689523
10-06-2016,Summer,Weekend,no,655273
11-06-2016,Summer,Weekend,no,564009
12-06-2016,Summer,Weekend,no,519953
13-06-2016,Summer,Weekday,no,664806
14-06-2016,Summer,Weekday,no,670301
15-06-2016,Summer,Weekday,no,679639
16-06-2016,Summer,Weekday,no,679397
17-06-2016,Summer,Weekend,no,656624
18-06-2016,Summer,Weekend,no,552782
19-06-2016,Summer,Weekend,no,523845
20-06-2016,Summer,Weekday,no,677491
21-06-2016,Summer,Weekday,no,669466
22-06-2016,Summer,Weekday,no,680107
23-06-2016,Summer,Weekday,no,687283
24-06-2016,Summer,Weekend,no,676986
25-06-2016,Summer,Weekend,no,586432
26-06-2016,Summer,Weekend,no,532743
27-06-2016,Summer,Weekday,no,673629
28-06-2016,Summer,Weekday,no,663358
29-06-2016,Summer,Weekday,no,676638
30-06-2016,Summer,Weekday,no,690836
01-07-2016,Summer,Weekend,no,666461
02-07-2016,Summer,Weekend,no,577651
03-07-2016,Summer,Weekend,no,512195
04-07-2016,Summer,Weekday,no,650445
05-07-2016,Summer,Weekday,no,668362
06-07-2016,Summer,Weekday,no,667355
07-07-2016,Summer,Weekday,no,665549
08-07-2016,Summer,Weekend,no,658345
09-07-2016,Summer,Weekend,no,567943
10-07-2016,Summer,Weekend,no,521755
11-07-2016,Summer,Weekday,no,681599
12-07-2016,Summer,Weekday,no,704209
13-07-2016,Summer,Weekday,no,686975
14-07-2016,Summer,Weekday,no,668459
15-07-2016,Summer,Weekend,no,649349
16-07-2016,Summer,Weekend,no,560483
17-07-2016,Summer,Weekend,no,515748
18-07-2016,Summer,Weekday,no,655735
19-07-2016,Summer,Weekday,no,660863
20-07-2016,Summer,Weekday,no,662864
21-07-2016,Summer,Weekday,no,669894
22-07-2016,Summer,Weekend,no,652913
23-07-2016,Summer,Weekend,no,560921
24-07-2016,Summer,Weekend,no,511944
25-07-2016,Summer,Weekday,no,652105
26-07-2016,Summer,Weekday,no,649881
27-07-2016,Summer,Weekday,no,657347
28-07-2016,Summer,Weekday,no,648447
29-07-2016,Summer,Weekend,no,627224
30-07-2016,Summer,Weekend,no,546630
31-07-2016,Summer,Weekend,no,508399
01-08-2016,Summer,Weekday,no,613325
02-08-2016,Summer,Weekday,no,613298
03-08-2016,Summer,Weekday,no,624803
04-08-2016,Summer,Weekday,no,636135
05-08-2016,Summer,Weekend,no,642993
06-08-2016,Summer,Weekend,no,543300
07-08-2016,Summer,Weekend,no,496362
08-08-2016,Summer,Weekday,no,624040
09-08-2016,Summer,Weekday,no,653178
10-08-2016,Summer,Weekday,no,652987
11-08-2016,Summer,Weekday,no,630407
12-08-2016,Summer,Weekend,no,629979
13-08-2016,Summer,Weekend,no,541153
14-08-2016,Summer,Weekend,no,490997
15-08-2016,Summer,Weekday,yes,509430
16-08-2016,Summer,Weekday,no,644551
17-08-2016,Summer,Weekday,no,649909
18-08-2016,Summer,Weekday,no,660081
19-08-2016,Summer,Weekend,no,651903
20-08-2016,Summer,Weekend,no,562860
21-08-2016,Summer,Weekend,no,529828
22-08-2016,Summer,Weekday,no,658464
23-08-2016,Summer,Weekday,no,657222
24-08-2016,Summer,Weekday,no,672594
25-08-2016,Summer,Weekday,no,676153
26-08-2016,Summer,Weekend,no,661851
27-08-2016,Summer,Weekend,no,562690
28-08-2016,Summer,Weekend,no,523326
29-08-2016,Summer,Weekday,no,688628
30-08-2016,Summer,Weekday,no,680743
31-08-2016,Summer,Weekday,no,677377
01-09-2016,Autum,Weekday,no,685950
02-09-2016,Autum,Weekend,no,674076
03-09-2016,Autum,Weekend,no,570891
04-09-2016,Autum,Weekend,no,533424
05-09-2016,Autum,Weekday,no,679368
06-09-2016,Autum,Weekday,no,701601
07-09-2016,Autum,Weekday,no,685631
08-09-2016,Autum,Weekday,no,689360
09-09-2016,Autum,Weekend,no,672721
10-09-2016,Autum,Weekend,no,572592
11-09-2016,Autum,Weekend,no,528122
12-09-2016,Autum,Weekday,no,684151
13-09-2016,Autum,Weekday,no,691189
14-09-2016,Autum,Weekday,no,696858
15-09-2016,Autum,Weekday,no,700226
16-09-2016,Autum,Weekend,no,684469
17-09-2016,Autum,Weekend,no,587638
18-09-2016,Autum,Weekend,no,535943
19-09-2016,Autum,Weekday,no,692144
20-09-2016,Autum,Weekday,no,695683
21-09-2016,Autum,Weekday,no,695368
22-09-2016,Autum,Weekday,no,690738
23-09-2016,Autum,Weekend,no,672584
24-09-2016,Autum,Weekend,no,566738
25-09-2016,Autum,Weekend,no,524900
26-09-2016,Autum,Weekday,no,673505
27-09-2016,Autum,Weekday,no,688887
28-09-2016,Autum,Weekday,no,694566
29-09-2016,Autum,Weekday,no,694438
30-09-2016,Autum,Weekend,no,669085
01-10-2016,Autum,Weekend,no,575992
02-10-2016,Autum,Weekend,no,558956
03-10-2016,Autum,Weekday,no,693128
04-10-2016,Autum,Weekday,no,726933
05-10-2016,Autum,Weekday,no,724416
06-10-2016,Autum,Weekday,no,736990
07-10-2016,Autum,Weekend,no,721176
08-10-2016,Autum,Weekend,no,625099
09-10-2016,Autum,Weekend,no,574235
10-10-2016,Autum,Weekday,no,739064
11-10-2016,Autum,Weekday,no,752739
12-10-2016,Autum,Weekday,no,761796
13-10-2016,Autum,Weekday,no,752729
14-10-2016,Autum,Weekend,no,725047
15-10-2016,Autum,Weekend,no,612714
16-10-2016,Autum,Weekend,no,558119
17-10-2016,Autum,Weekday,no,735624
18-10-2016,Autum,Weekday,no,748792
19-10-2016,Autum,Weekday,no,754737
20-10-2016,Autum,Weekday,no,756245
21-10-2016,Autum,Weekend,no,740658
22-10-2016,Autum,Weekend,no,621850
23-10-2016,Autum,Weekend,no,582136
24-10-2016,Autum,Weekday,no,726116
25-10-2016,Autum,Weekday,no,732228
26-10-2016,Autum,Weekday,yes,603635
27-10-2016,Autum,Weekday,no,724457
28-10-2016,Autum,Weekend,no,713682
29-10-2016,Autum,Weekend,no,618277
30-10-2016,Autum,Weekend,no,571064
31-10-2016,Autum,Weekday,no,670467
01-11-2016,Autum,Weekday,yes,583846
02-11-2016,Autum,Weekday,no,739844
03-11-2016,Autum,Weekday,no,765605
04-11-2016,Autum,Weekend,no,757627
05-11-2016,Autum,Weekend,no,658959
06-11-2016,Autum,Weekend,no,630398
07-11-2016,Autum,Weekday,no,802660
08-11-2016,Autum,Weekday,no,826467
09-11-2016,Autum,Weekday,no,828969
10-11-2016,Autum,Weekday,no,814139
11-11-2016,Autum,Weekend,no,803799
12-11-2016,Autum,Weekend,no,720807
13-11-2016,Autum,Weekend,no,678115
14-11-2016,Autum,Weekday,no,825322
15-11-2016,Autum,Weekday,no,822209
16-11-2016,Autum,Weekday,no,808345
17-11-2016,Autum,Weekday,no,797587
18-11-2016,Autum,Weekend,no,772173
19-11-2016,Autum,Weekend,no,682077
20-11-2016,Autum,Weekend,no,625104
21-11-2016,Autum,Weekday,no,760859
22-11-2016,Autum,Weekday,no,770833
23-11-2016,Autum,Weekday,no,780745
24-11-2016,Autum,Weekday,no,780796
25-11-2016,Autum,Weekend,no,771381
26-11-2016,Autum,Weekend,no,668061
27-11-2016,Autum,Weekend,no,627116
28-11-2016,Autum,Weekday,no,831528
29-11-2016,Autum,Weekday,no,859272
30-11-2016,Autum,Weekday,no,840971
01-12-2016,Winter,Weekday,no,825963
02-12-2016,Winter,Weekend,no,810348
03-12-2016,Winter,Weekend,no,719228
04-12-2016,Winter,Weekend,no,684110
05-12-2016,Winter,Weekday,no,842400
06-12-2016,Winter,Weekday,no,846078
07-12-2016,Winter,Weekday,no,841948
08-12-2016,Winter,Weekday,yes,711486
09-12-2016,Winter,Weekend,no,758521
10-12-2016,Winter,Weekend,no,686797
11-12-2016,Winter,Weekend,no,655236
12-12-2016,Winter,Weekday,no,817112
13-12-2016,Winter,Weekday,no,836763
14-12-2016,Winter,Weekday,no,823348
15-12-2016,Winter,Weekday,no,833712
16-12-2016,Winter,Weekend,no,834689
17-12-2016,Winter,Weekend,no,737442
18-12-2016,Winter,Weekend,no,685331
19-12-2016,Winter,Weekday,no,841728
20-12-2016,Winter,Weekday,no,855373
21-12-2016,Winter,Weekday,no,839619
22-12-2016,Winter,Weekday,no,824399
23-12-2016,Winter,Weekend,no,765008
24-12-2016,Winter,Weekend,no,653439
25-12-2016,Winter,Weekend,yes,614669
26-12-2016,Winter,Weekday,yes,613924
27-12-2016,Winter,Weekday,no,700309
28-12-2016,Winter,Weekday,no,707472
29-12-2016,Winter,Weekday,no,728161
30-12-2016,Winter,Weekend,no,724257
31-12-2016,Winter,Weekend,no,667803
01-01-2017,Winter,Weekend,yes,639084
02-01-2017,Winter,Weekday,no,769476
03-01-2017,Winter,Weekday,no,793029
04-01-2017,Winter,Weekday,no,804232
05-01-2017,Winter,Weekday,no,799634
06-01-2017,Winter,Weekend,yes,736099
07-01-2017,Winter,Weekend,no,756165
08-01-2017,Winter,Weekend,no,716603
09-01-2017,Winter,Weekday,no,850754
10-01-2017,Winter,Weekday,no,879381
11-01-2017,Winter,Weekday,no,887168
12-01-2017,Winter,Weekday,no,856672
13-01-2017,Winter,Weekend,no,855954
14-01-2017,Winter,Weekend,no,756813
15-01-2017,Winter,Weekend,no,702779
16-01-2017,Winter,Weekday,no,854482
17-01-2017,Winter,Weekday,no,878476
18-01-2017,Winter,Weekday,no,883095
19-01-2017,Winter,Weekday,no,885670
20-01-2017,Winter,Weekend,no,874787
21-01-2017,Winter,Weekend,no,785257
22-01-2017,Winter,Weekend,no,728834
23-01-2017,Winter,Weekday,no,871357
24-01-2017,Winter,Weekday,no,894230
25-01-2017,Winter,Weekday,no,888181
26-01-2017,Winter,Weekday,no,883474
27-01-2017,Winter,Weekend,no,866355
28-01-2017,Winter,Weekend,no,774889
29-01-2017,Winter,Weekend,no,732225
30-01-2017,Winter,Weekday,no,885501
31-01-2017,Winter,Weekday,no,884116
01-02-2017,Winter,Weekday,no,873073
02-02-2017,Winter,Weekday,no,862044
03-02-2017,Winter,Weekend,no,831913
04-02-2017,Winter,Weekend,no,717779
05-02-2017,Winter,Weekend,no,660710
06-02-2017,Winter,Weekday,no,829380
07-02-2017,Winter,Weekday,no,820221
08-02-2017,Winter,Weekday,no,838501
09-02-2017,Winter,Weekday,no,847978
10-02-2017,Winter,Weekend,no,830874
11-02-2017,Winter,Weekend,no,734076
12-02-2017,Winter,Weekend,no,689971
13-02-2017,Winter,Weekday,no,819645
14-02-2017,Winter,Weekday,no,822047
15-02-2017,Winter,Weekday,no,816408
16-02-2017,Winter,Weekday,no,812213
17-02-2017,Winter,Weekend,no,817845
18-02-2017,Winter,Weekend,no,712880
19-02-2017,Winter,Weekend,no,662167
20-02-2017,Winter,Weekday,no,798403
21-02-2017,Winter,Weekday,no,803285
22-02-2017,Winter,Weekday,no,795089
23-02-2017,Winter,Weekday,no,775579
24-02-2017,Winter,Weekend,no,784431
25-02-2017,Winter,Weekend,no,679994
26-02-2017,Winter,Weekend,no,649070
27-02-2017,Winter,Weekday,no,774866
28-02-2017,Winter,Weekday,no,787875
01-03-2017,Spring,Weekday,no,789600
02-03-2017,Spring,Weekday,no,792946
03-03-2017,Spring,Weekend,no,762017
04-03-2017,Spring,Weekend,no,644019
05-03-2017,Spring,Weekend,no,610516
06-03-2017,Spring,Weekday,no,763496
07-03-2017,Spring,Weekday,no,784467
08-03-2017,Spring,Weekday,no,775247
09-03-2017,Spring,Weekday,no,778937
10-03-2017,Spring,Weekend,no,770195
11-03-2017,Spring,Weekend,no,656921
12-03-2017,Spring,Weekend,no,613087
13-03-2017,Spring,Weekday,no,753142
14-03-2017,Spring,Weekday,no,768092
15-03-2017,Spring,Weekday,no,762065
16-03-2017,Spring,Weekday,no,743330
17-03-2017,Spring,Weekend,no,723444
18-03-2017,Spring,Weekend,no,656131
19-03-2017,Spring,Weekend,no,598995
20-03-2017,Spring,Weekday,no,717485
21-03-2017,Spring,Weekday,no,721753
22-03-2017,Spring,Weekday,no,745719
23-03-2017,Spring,Weekday,no,737630
24-03-2017,Spring,Weekend,no,729861
25-03-2017,Spring,Weekend,no,616693
26-03-2017,Spring,Weekend,no,573026
27-03-2017,Spring,Weekday,no,711391
28-03-2017,Spring,Weekday,no,715981
29-03-2017,Spring,Weekday,no,713927
30-03-2017,Spring,Weekday,no,713872
31-03-2017,Spring,Weekend,no,681287
01-04-2017,Spring,Weekend,no,588453
02-04-2017,Spring,Weekend,no,536828
03-04-2017,Spring,Weekday,no,689797
04-04-2017,Spring,Weekday,no,710355
05-04-2017,Spring,Weekday,no,721912
06-04-2017,Spring,Weekday,no,734288
07-04-2017,Spring,Weekend,no,720157
08-04-2017,Spring,Weekend,no,599409
09-04-2017,Spring,Weekend,no,544012
10-04-2017,Spring,Weekday,no,680033
11-04-2017,Spring,Weekday,no,703908
12-04-2017,Spring,Weekday,no,705923
13-04-2017,Spring,Weekday,no,717624
14-04-2017,Spring,Weekend,no,676196
15-04-2017,Spring,Weekend,no,581548
16-04-2017,Spring,Weekend,yes,533245
17-04-2017,Spring,Weekday,yes,555434
18-04-2017,Spring,Weekday,no,718169
19-04-2017,Spring,Weekday,no,759954
20-04-2017,Spring,Weekday,no,753643
21-04-2017,Spring,Weekend,no,720851
22-04-2017,Spring,Weekend,no,622994
23-04-2017,Spring,Weekend,no,564172
24-04-2017,Spring,Weekday,no,689883
25-04-2017,Spring,Weekday,no,689090
26-04-2017,Spring,Weekday,no,713892
27-04-2017,Spring,Weekday,no,738335
28-04-2017,Spring,Weekend,no,733479
29-04-2017,Spring,Weekend,no,596305
30-04-2017,Spring,Weekend,no,531354
01-05-2017,Spring,Weekday,yes,544709
02-05-2017,Spring,Weekday,no,681029
03-05-2017,Spring,Weekday,no,704285
04-05-2017,Spring,Weekday,no,696079
05-05-2017,Spring,Weekend,no,690936
06-05-2017,Spring,Weekend,no,571081
07-05-2017,Spring,Weekend,no,540406
08-05-2017,Spring,Weekday,no,688941
09-05-2017,Spring,Weekday,no,705780
10-05-2017,Spring,Weekday,no,682249
11-05-2017,Spring,Weekday,no,676440
12-05-2017,Spring,Weekend,no,666176
13-05-2017,Spring,Weekend,no,569567
14-05-2017,Spring,Weekend,no,516980
15-05-2017,Spring,Weekday,no,672902
16-05-2017,Spring,Weekday,no,672716
17-05-2017,Spring,Weekday,no,664993
18-05-2017,Spring,Weekday,no,673895
19-05-2017,Spring,Weekend,no,661950
20-05-2017,Spring,Weekend,no,567760
21-05-2017,Spring,Weekend,no,520096
22-05-2017,Spring,Weekday,no,654159
23-05-2017,Spring,Weekday,no,668324
24-05-2017,Spring,Weekday,no,677752
25-05-2017,Spring,Weekday,yes,539764
26-05-2017,Spring,Weekend,no,599561
27-05-2017,Spring,Weekend,no,546716
28-05-2017,Spring,Weekend,no,503144
29-05-2017,Spring,Weekday,no,655990
30-05-2017,Spring,Weekday,no,681218
31-05-2017,Spring,Weekday,no,687561
01-06-2017,Summer,Weekday,no,680162
02-06-2017,Summer,Weekend,no,666720
03-06-2017,Summer,Weekend,no,557204
04-06-2017,Summer,Weekend,yes,513757
05-06-2017,Summer,Weekday,yes,518239
06-06-2017,Summer,Weekday,no,682946
07-06-2017,Summer,Weekday,no,678716
08-06-2017,Summer,Weekday,no,666699
09-06-2017,Summer,Weekend,no,662774
10-06-2017,Summer,Weekend,no,560634
11-06-2017,Summer,Weekend,no,512749
12-06-2017,Summer,Weekday,no,690215
13-06-2017,Summer,Weekday,no,693047
14-06-2017,Summer,Weekday,no,685389
15-06-2017,Summer,Weekday,yes,548631
16-06-2017,Summer,Weekend,no,630797
17-06-2017,Summer,Weekend,no,547166
18-06-2017,Summer,Weekend,no,506134
19-06-2017,Summer,Weekday,no,668318
20-06-2017,Summer,Weekday,no,692417
21-06-2017,Summer,Weekday,no,707757
22-06-2017,Summer,Weekday,no,706005
23-06-2017,Summer,Weekend,no,700043
24-06-2017,Summer,Weekend,no,590251
25-06-2017,Summer,Weekend,no,547168
26-06-2017,Summer,Weekday,no,686861
27-06-2017,Summer,Weekday,no,708868
28-06-2017,Summer,Weekday,no,715713
29-06-2017,Summer,Weekday,no,710138
30-06-2017,Summer,Weekend,no,676332
01-07-2017,Summer,Weekend,no,577266
02-07-2017,Summer,Weekend,no,533454
03-07-2017,Summer,Weekday,no,679210
04-07-2017,Summer,Weekday,no,688678
05-07-2017,Summer,Weekday,no,694592
06-07-2017,Summer,Weekday,no,693673
07-07-2017,Summer,Weekend,no,686083
08-07-2017,Summer,Weekend,no,588175
09-07-2017,Summer,Weekend,no,541536
10-07-2017,Summer,Weekday,no,693876
11-07-2017,Summer,Weekday,no,693974
12-07-2017,Summer,Weekday,no,695711
13-07-2017,Summer,Weekday,no,671383
14-07-2017,Summer,Weekend,no,658662
15-07-2017,Summer,Weekend,no,557974
16-07-2017,Summer,Weekend,no,506276
17-07-2017,Summer,Weekday,no,652276
18-07-2017,Summer,Weekday,no,674964
19-07-2017,Summer,Weekday,no,681586
20-07-2017,Summer,Weekday,no,685807
21-07-2017,Summer,Weekend,no,661688
22-07-2017,Summer,Weekend,no,568676
23-07-2017,Summer,Weekend,no,521798
24-07-2017,Summer,Weekday,no,666126
25-07-2017,Summer,Weekday,no,643196
26-07-2017,Summer,Weekday,no,651604
27-07-2017,Summer,Weekday,no,650188
28-07-2017,Summer,Weekend,no,637445
29-07-2017,Summer,Weekend,no,545444
30-07-2017,Summer,Weekend,no,510640
31-07-2017,Summer,Weekday,no,640940
01-08-2017,Summer,Weekday,no,661208
02-08-2017,Summer,Weekday,no,670711
03-08-2017,Summer,Weekday,no,669285
04-08-2017,Summer,Weekend,no,662502
05-08-2017,Summer,Weekend,no,577058
06-08-2017,Summer,Weekend,no,531457
07-08-2017,Summer,Weekday,no,629894
08-08-2017,Summer,Weekday,no,648005
09-08-2017,Summer,Weekday,no,659043
10-08-2017,Summer,Weekday,no,670476
11-08-2017,Summer,Weekend,no,640607
12-08-2017,Summer,Weekend,no,545824
13-08-2017,Summer,Weekend,no,496486
14-08-2017,Summer,Weekday,no,594904
15-08-2017,Summer,Weekday,yes,525223
16-08-2017,Summer,Weekday,no,652750
17-08-2017,Summer,Weekday,no,666419
18-08-2017,Summer,Weekend,no,657071
19-08-2017,Summer,Weekend,no,578958
20-08-2017,Summer,Weekend,no,512537
21-08-2017,Summer,Weekday,no,644734
22-08-2017,Summer,Weekday,no,654958
23-08-2017,Summer,Weekday,no,659074
24-08-2017,Summer,Weekday,no,673524
25-08-2017,Summer,Weekend,no,670242
26-08-2017,Summer,Weekend,no,576799
27-08-2017,Summer,Weekend,no,531652
28-08-2017,Summer,Weekday,no,679029
29-08-2017,Summer,Weekday,no,675314
30-08-2017,Summer,Weekday,no,689094
31-08-2017,Summer,Weekday,no,707924
01-09-2017,Autum,Weekend,no,691898
02-09-2017,Autum,Weekend,no,584579
03-09-2017,Autum,Weekend,no,540564
04-09-2017,Autum,Weekday,no,667775
05-09-2017,Autum,Weekday,no,692499
06-09-2017,Autum,Weekday,no,709196
07-09-2017,Autum,Weekday,no,696890
08-09-2017,Autum,Weekend,no,675650
09-09-2017,Autum,Weekend,no,579888
10-09-2017,Autum,Weekend,no,549669
11-09-2017,Autum,Weekday,no,702095
12-09-2017,Autum,Weekday,no,713912
13-09-2017,Autum,Weekday,no,707407
14-09-2017,Autum,Weekday,no,711976
15-09-2017,Autum,Weekend,no,689886
16-09-2017,Autum,Weekend,no,605435
17-09-2017,Autum,Weekend,no,565218
18-09-2017,Autum,Weekday,no,700246
19-09-2017,Autum,Weekday,no,740282
20-09-2017,Autum,Weekday,no,737012
21-09-2017,Autum,Weekday,no,723987
22-09-2017,Autum,Weekend,no,700355
23-09-2017,Autum,Weekend,no,589287
24-09-2017,Autum,Weekend,no,552049
25-09-2017,Autum,Weekday,no,701650
26-09-2017,Autum,Weekday,no,715608
27-09-2017,Autum,Weekday,no,713337
28-09-2017,Autum,Weekday,no,704471
29-09-2017,Autum,Weekend,no,690942
30-09-2017,Autum,Weekend,no,592426
01-10-2017,Autum,Weekend,no,557989
02-10-2017,Autum,Weekday,no,699447
03-10-2017,Autum,Weekday,no,729168
04-10-2017,Autum,Weekday,no,710684
05-10-2017,Autum,Weekday,no,711758
06-10-2017,Autum,Weekend,no,711327
07-10-2017,Autum,Weekend,no,606983
08-10-2017,Autum,Weekend,no,564229
09-10-2017,Autum,Weekday,no,715051
10-10-2017,Autum,Weekday,no,711795
11-10-2017,Autum,Weekday,no,707156
12-10-2017,Autum,Weekday,no,711936
13-10-2017,Autum,Weekend,no,698223
14-10-2017,Autum,Weekend,no,589003
15-10-2017,Autum,Weekend,no,538988
16-10-2017,Autum,Weekday,no,698343
17-10-2017,Autum,Weekday,no,702464
18-10-2017,Autum,Weekday,no,713867
19-10-2017,Autum,Weekday,no,713801
20-10-2017,Autum,Weekend,no,701911
21-10-2017,Autum,Weekend,no,607732
22-10-2017,Autum,Weekend,no,585154
23-10-2017,Autum,Weekday,no,752309
24-10-2017,Autum,Weekday,no,747259
25-10-2017,Autum,Weekday,no,726068
26-10-2017,Autum,Weekday,yes,587780
27-10-2017,Autum,Weekend,no,689032
28-10-2017,Autum,Weekend,no,628891
29-10-2017,Autum,Weekend,no,590266
30-10-2017,Autum,Weekday,no,752881
31-10-2017,Autum,Weekday,no,752197
01-11-2017,Autum,Weekday,yes,623456
02-11-2017,Autum,Weekday,no,734355
03-11-2017,Autum,Weekend,no,732227
04-11-2017,Autum,Weekend,no,644644
05-11-2017,Autum,Weekend,no,593903
06-11-2017,Autum,Weekday,no,785160
07-11-2017,Autum,Weekday,no,776868
08-11-2017,Autum,Weekday,no,788829
09-11-2017,Autum,Weekday,no,789246
10-11-2017,Autum,Weekend,no,779321
11-11-2017,Autum,Weekend,no,672006
12-11-2017,Autum,Weekend,no,623694
13-11-2017,Autum,Weekday,no,818222
14-11-2017,Autum,Weekday,no,826118
15-11-2017,Autum,Weekday,no,830482
16-11-2017,Autum,Weekday,no,816925
17-11-2017,Autum,Weekend,no,808434
18-11-2017,Autum,Weekend,no,708354
19-11-2017,Autum,Weekend,no,683392
20-11-2017,Autum,Weekday,no,830817
21-11-2017,Autum,Weekday,no,808084
22-11-2017,Autum,Weekday,no,794503
23-11-2017,Autum,Weekday,no,808278
24-11-2017,Autum,Weekend,no,787930
25-11-2017,Autum,Weekend,no,697212
26-11-2017,Autum,Weekend,no,693894
27-11-2017,Autum,Weekday,no,852119
28-11-2017,Autum,Weekday,no,840483
29-11-2017,Autum,Weekday,no,851315
30-11-2017,Autum,Weekday,no,871531
01-12-2017,Winter,Weekend,no,856029
02-12-2017,Winter,Weekend,no,762105
03-12-2017,Winter,Weekend,no,724411
04-12-2017,Winter,Weekday,no,869381
05-12-2017,Winter,Weekday,no,853718
06-12-2017,Winter,Weekday,no,847766
07-12-2017,Winter,Weekday,no,841151
08-12-2017,Winter,Weekend,yes,730257
09-12-2017,Winter,Weekend,no,751181
10-12-2017,Winter,Weekend,no,706273
11-12-2017,Winter,Weekday,no,822697
12-12-2017,Winter,Weekday,no,830165
13-12-2017,Winter,Weekday,no,844685
14-12-2017,Winter,Weekday,no,844040
15-12-2017,Winter,Weekend,no,823494
16-12-2017,Winter,Weekend,no,730558
17-12-2017,Winter,Weekend,no,698000
18-12-2017,Winter,Weekday,no,851484
19-12-2017,Winter,Weekday,no,854733
20-12-2017,Winter,Weekday,no,839685
21-12-2017,Winter,Weekday,no,828005
22-12-2017,Winter,Weekend,no,764717
23-12-2017,Winter,Weekend,no,678526
24-12-2017,Winter,Weekend,no,610628
25-12-2017,Winter,Weekday,yes,606015
26-12-2017,Winter,Weekday,yes,632558
27-12-2017,Winter,Weekday,no,701765
28-12-2017,Winter,Weekday,no,715583
29-12-2017,Winter,Weekend,no,717347
30-12-2017,Winter,Weekend,no,687579
31-12-2017,Winter,Weekend,no,621315
01-01-2018,Winter,Weekday,yes,623209
02-01-2018,Winter,Weekday,no,742047
03-01-2018,Winter,Weekday,no,777471
04-01-2018,Winter,Weekday,no,774788
05-01-2018,Winter,Weekend,no,744537
06-01-2018,Winter,Weekend,yes,645345
07-01-2018,Winter,Weekend,no,642765
08-01-2018,Winter,Weekday,no,789718
09-01-2018,Winter,Weekday,no,796138
10-01-2018,Winter,Weekday,no,805273
11-01-2018,Winter,Weekday,no,805473
12-01-2018,Winter,Weekend,no,806661
13-01-2018,Winter,Weekend,no,721772
14-01-2018,Winter,Weekend,no,689003
15-01-2018,Winter,Weekday,no,841151
16-01-2018,Winter,Weekday,no,842513
17-01-2018,Winter,Weekday,no,845441
18-01-2018,Winter,Weekday,no,833121
19-01-2018,Winter,Weekend,no,821419
20-01-2018,Winter,Weekend,no,720929
21-01-2018,Winter,Weekend,no,678341
22-01-2018,Winter,Weekday,no,833719
23-01-2018,Winter,Weekday,no,826154
24-01-2018,Winter,Weekday,no,825170
25-01-2018,Winter,Weekday,no,823085
26-01-2018,Winter,Weekend,no,812039
27-01-2018,Winter,Weekend,no,716239
28-01-2018,Winter,Weekend,no,667822
29-01-2018,Winter,Weekday,no,788834
30-01-2018,Winter,Weekday,no,799049
31-01-2018,Winter,Weekday,no,803830
01-02-2018,Winter,Weekday,no,817084
02-02-2018,Winter,Weekend,no,812372
03-02-2018,Winter,Weekend,no,713665
04-02-2018,Winter,Weekend,no,663768
05-02-2018,Winter,Weekday,no,823197
06-02-2018,Winter,Weekday,no,829113
07-02-2018,Winter,Weekday,no,841562
08-02-2018,Winter,Weekday,no,839046
09-02-2018,Winter,Weekend,no,820581
10-02-2018,Winter,Weekend,no,724461
11-02-2018,Winter,Weekend,no,676220
12-02-2018,Winter,Weekday,no,826477
13-02-2018,Winter,Weekday,no,826844
14-02-2018,Winter,Weekday,no,840749
15-02-2018,Winter,Weekday,no,845375
16-02-2018,Winter,Weekend,no,820182
17-02-2018,Winter,Weekend,no,718338
18-02-2018,Winter,Weekend,no,675715
19-02-2018,Winter,Weekday,no,816860
20-02-2018,Winter,Weekday,no,840061
21-02-2018,Winter,Weekday,no,847279
22-02-2018,Winter,Weekday,no,855534
23-02-2018,Winter,Weekend,no,840883
24-02-2018,Winter,Weekend,no,756788
25-02-2018,Winter,Weekend,no,720022
26-02-2018,Winter,Weekday,no,892744
27-02-2018,Winter,Weekday,no,911730
28-02-2018,Winter,Weekday,no,905391
01-03-2018,Spring,Weekday,no,905509
02-03-2018,Spring,Weekend,no,890939
03-03-2018,Spring,Weekend,no,767349
04-03-2018,Spring,Weekend,no,703712
05-03-2018,Spring,Weekday,no,845016
06-03-2018,Spring,Weekday,no,847710
07-03-2018,Spring,Weekday,no,821850
08-03-2018,Spring,Weekday,no,803438
09-03-2018,Spring,Weekend,no,791497
10-03-2018,Spring,Weekend,no,675173
11-03-2018,Spring,Weekend,no,625513
12-03-2018,Spring,Weekday,no,765395
13-03-2018,Spring,Weekday,no,769711
14-03-2018,Spring,Weekday,no,782495
15-03-2018,Spring,Weekday,no,793333
16-03-2018,Spring,Weekend,no,773154
17-03-2018,Spring,Weekend,no,708847
18-03-2018,Spring,Weekend,no,681036
19-03-2018,Spring,Weekday,no,833000
20-03-2018,Spring,Weekday,no,843243
21-03-2018,Spring,Weekday,no,835081
22-03-2018,Spring,Weekday,no,810161
23-03-2018,Spring,Weekend,no,810069
24-03-2018,Spring,Weekend,no,684746
25-03-2018,Spring,Weekend,no,633022
26-03-2018,Spring,Weekday,no,784312
27-03-2018,Spring,Weekday,no,787765
28-03-2018,Spring,Weekday,no,785950
29-03-2018,Spring,Weekday,no,788342
30-03-2018,Spring,Weekend,no,738159
31-03-2018,Spring,Weekend,no,638828
01-04-2018,Spring,Weekend,yes,588895
02-04-2018,Spring,Weekday,yes,581657
03-04-2018,Spring,Weekday,no,713633
04-04-2018,Spring,Weekday,no,722941
05-04-2018,Spring,Weekday,no,751390
06-04-2018,Spring,Weekend,no,719402
07-04-2018,Spring,Weekend,no,609332
08-04-2018,Spring,Weekend,no,554268
09-04-2018,Spring,Weekday,no,696161
10-04-2018,Spring,Weekday,no,708212
11-04-2018,Spring,Weekday,no,699972
12-04-2018,Spring,Weekday,no,698923
13-04-2018,Spring,Weekend,no,682266
14-04-2018,Spring,Weekend,no,571573
15-04-2018,Spring,Weekend,no,531547
16-04-2018,Spring,Weekday,no,693288
17-04-2018,Spring,Weekday,no,686088
18-04-2018,Spring,Weekday,no,680243
19-04-2018,Spring,Weekday,no,679108
20-04-2018,Spring,Weekend,no,659621
21-04-2018,Spring,Weekend,no,559241
22-04-2018,Spring,Weekend,no,515301
23-04-2018,Spring,Weekday,no,671643
24-04-2018,Spring,Weekday,no,677299
25-04-2018,Spring,Weekday,no,678689
26-04-2018,Spring,Weekday,no,708502
27-04-2018,Spring,Weekend,no,661797
28-04-2018,Spring,Weekend,no,555460
29-04-2018,Spring,Weekend,no,506154
30-04-2018,Spring,Weekday,no,619447
01-05-2018,Spring,Weekday,yes,538892
02-05-2018,Spring,Weekday,no,667474
03-05-2018,Spring,Weekday,no,675282
04-05-2018,Spring,Weekend,no,673675
05-05-2018,Spring,Weekend,no,568808
06-05-2018,Spring,Weekend,no,511759
07-05-2018,Spring,Weekday,no,659104
08-05-2018,Spring,Weekday,no,670075
09-05-2018,Spring,Weekday,no,669821
10-05-2018,Spring,Weekday,yes,551417
11-05-2018,Spring,Weekend,no,617984
12-05-2018,Spring,Weekend,no,552542
13-05-2018,Spring,Weekend,no,511974
14-05-2018,Spring,Weekday,no,678234
15-05-2018,Spring,Weekday,no,700206
16-05-2018,Spring,Weekday,no,695080
17-05-2018,Spring,Weekday,no,699841
18-05-2018,Spring,Weekend,no,669896
19-05-2018,Spring,Weekend,no,559679
20-05-2018,Spring,Weekend,yes,512799
21-05-2018,Spring,Weekday,yes,529167
22-05-2018,Spring,Weekday,no,674123
23-05-2018,Spring,Weekday,no,685913
24-05-2018,Spring,Weekday,no,696642
25-05-2018,Spring,Weekend,no,688051
26-05-2018,Spring,Weekend,no,572427
27-05-2018,Spring,Weekend,no,534221
28-05-2018,Spring,Weekday,no,688543
29-05-2018,Spring,Weekday,no,702962
30-05-2018,Spring,Weekday,no,694135
31-05-2018,Spring,Weekday,yes,553999
01-06-2018,Summer,Weekend,no,634622
02-06-2018,Summer,Weekend,no,561389
03-06-2018,Summer,Weekend,no,518443
04-06-2018,Summer,Weekday,no,684578
05-06-2018,Summer,Weekday,no,691152
06-06-2018,Summer,Weekday,no,692638
07-06-2018,Summer,Weekday,no,696682
08-06-2018,Summer,Weekend,no,694017
09-06-2018,Summer,Weekend,no,586863
10-06-2018,Summer,Weekend,no,538458
11-06-2018,Summer,Weekday,no,706231
12-06-2018,Summer,Weekday,no,711706
13-06-2018,Summer,Weekday,no,714664
14-06-2018,Summer,Weekday,no,693588
15-06-2018,Summer,Weekend,no,665447
16-06-2018,Summer,Weekend,no,567131
17-06-2018,Summer,Weekend,no,533973
18-06-2018,Summer,Weekday,no,687939
19-06-2018,Summer,Weekday,no,694802
20-06-2018,Summer,Weekday,no,700684
21-06-2018,Summer,Weekday,no,719991
22-06-2018,Summer,Weekend,no,690657
23-06-2018,Summer,Weekend,no,572635
24-06-2018,Summer,Weekend,no,528073
25-06-2018,Summer,Weekday,no,682533
26-06-2018,Summer,Weekday,no,687973
27-06-2018,Summer,Weekday,no,688608
28-06-2018,Summer,Weekday,no,713237
29-06-2018,Summer,Weekend,no,688531
30-06-2018,Summer,Weekend,no,566782
01-07-2018,Summer,Weekend,no,500351
02-07-2018,Summer,Weekday,no,650850
03-07-2018,Summer,Weekday,no,665900
04-07-2018,Summer,Weekday,no,674428
05-07-2018,Summer,Weekday,no,676988
06-07-2018,Summer,Weekend,no,662904
07-07-2018,Summer,Weekend,no,552987
08-07-2018,Summer,Weekend,no,504008
09-07-2018,Summer,Weekday,no,658312
10-07-2018,Summer,Weekday,no,667828
11-07-2018,Summer,Weekday,no,661046
12-07-2018,Summer,Weekday,no,661948
13-07-2018,Summer,Weekend,no,645973
14-07-2018,Summer,Weekend,no,545169
15-07-2018,Summer,Weekend,no,504849
16-07-2018,Summer,Weekday,no,647472
17-07-2018,Summer,Weekday,no,659530
18-07-2018,Summer,Weekday,no,660302
19-07-2018,Summer,Weekday,no,661660
20-07-2018,Summer,Weekend,no,644541
21-07-2018,Summer,Weekend,no,548542
22-07-2018,Summer,Weekend,no,503501
23-07-2018,Summer,Weekday,no,644139
24-07-2018,Summer,Weekday,no,650794
25-07-2018,Summer,Weekday,no,653152
26-07-2018,Summer,Weekday,no,657193
27-07-2018,Summer,Weekend,no,641430
28-07-2018,Summer,Weekend,no,541534
29-07-2018,Summer,Weekend,no,501701
30-07-2018,Summer,Weekday,no,640797
31-07-2018,Summer,Weekday,no,654368
01-08-2018,Summer,Weekday,no,683423
02-08-2018,Summer,Weekday,no,693973
03-08-2018,Summer,Weekend,no,670063
04-08-2018,Summer,Weekend,no,578263
05-08-2018,Summer,Weekend,no,541140
06-08-2018,Summer,Weekday,no,658305
07-08-2018,Summer,Weekday,no,670766
08-08-2018,Summer,Weekday,no,675036
09-08-2018,Summer,Weekday,no,682171
10-08-2018,Summer,Weekend,no,671294
11-08-2018,Summer,Weekend,no,565874
12-08-2018,Summer,Weekend,no,523255
13-08-2018,Summer,Weekday,no,666524
14-08-2018,Summer,Weekday,no,672471
15-08-2018,Summer,Weekday,yes,545489
16-08-2018,Summer,Weekday,no,648333
17-08-2018,Summer,Weekend,no,649834
18-08-2018,Summer,Weekend,no,572839
19-08-2018,Summer,Weekend,no,535826
20-08-2018,Summer,Weekday,no,694931
21-08-2018,Summer,Weekday,no,703252
22-08-2018,Summer,Weekday,no,707729
23-08-2018,Summer,Weekday,no,717556
24-08-2018,Summer,Weekend,no,697378
25-08-2018,Summer,Weekend,no,593370
26-08-2018,Summer,Weekend,no,542065
27-08-2018,Summer,Weekday,no,669597
28-08-2018,Summer,Weekday,no,686795
29-08-2018,Summer,Weekday,no,694977
30-08-2018,Summer,Weekday,no,713971
31-08-2018,Summer,Weekend,no,687144
01-09-2018,Autum,Weekend,no,595582
02-09-2018,Autum,Weekend,no,541878
03-09-2018,Autum,Weekday,no,690866
04-09-2018,Autum,Weekday,no,700137
05-09-2018,Autum,Weekday,no,693858
06-09-2018,Autum,Weekday,no,688886
07-09-2018,Autum,Weekend,no,689112
08-09-2018,Autum,Weekend,no,585256
09-09-2018,Autum,Weekend,no,538743
10-09-2018,Autum,Weekday,no,689298
11-09-2018,Autum,Weekday,no,704255
12-09-2018,Autum,Weekday,no,708456
13-09-2018,Autum,Weekday,no,719917
14-09-2018,Autum,Weekend,no,709524
15-09-2018,Autum,Weekend,no,592416
16-09-2018,Autum,Weekend,no,543477
17-09-2018,Autum,Weekday,no,701160
18-09-2018,Autum,Weekday,no,714491
19-09-2018,Autum,Weekday,no,716250
20-09-2018,Autum,Weekday,no,713029
21-09-2018,Autum,Weekend,no,700225
22-09-2018,Autum,Weekend,no,598799
23-09-2018,Autum,Weekend,no,553766
24-09-2018,Autum,Weekday,no,710130
25-09-2018,Autum,Weekday,no,709859
26-09-2018,Autum,Weekday,no,716485
27-09-2018,Autum,Weekday,no,715726
28-09-2018,Autum,Weekend,no,691652
29-09-2018,Autum,Weekend,no,596868
30-09-2018,Autum,Weekend,no,550945
01-10-2018,Autum,Weekday,no,724069
02-10-2018,Autum,Weekday,no,727831
03-10-2018,Autum,Weekday,no,731597
04-10-2018,Autum,Weekday,no,713856
05-10-2018,Autum,Weekend,no,700920
06-10-2018,Autum,Weekend,no,604349
07-10-2018,Autum,Weekend,no,563260
08-10-2018,Autum,Weekday,no,706561
09-10-2018,Autum,Weekday,no,712710
10-10-2018,Autum,Weekday,no,719508
11-10-2018,Autum,Weekday,no,720361
12-10-2018,Autum,Weekend,no,704134
13-10-2018,Autum,Weekend,no,603554
14-10-2018,Autum,Weekend,no,559507
15-10-2018,Autum,Weekday,no,718952
16-10-2018,Autum,Weekday,no,719568
17-10-2018,Autum,Weekday,no,732540
18-10-2018,Autum,Weekday,no,733057
19-10-2018,Autum,Weekend,no,709986
20-10-2018,Autum,Weekend,no,613399
21-10-2018,Autum,Weekend,no,583651
22-10-2018,Autum,Weekday,no,732680
23-10-2018,Autum,Weekday,no,753293
24-10-2018,Autum,Weekday,no,771088
25-10-2018,Autum,Weekday,no,734145
26-10-2018,Autum,Weekend,yes,580007
27-10-2018,Autum,Weekend,no,613913
28-10-2018,Autum,Weekend,no,592458
29-10-2018,Autum,Weekday,no,732168
30-10-2018,Autum,Weekday,no,729791
31-10-2018,Autum,Weekday,no,727926
01-11-2018,Autum,Weekday,yes,600088
02-11-2018,Autum,Weekend,no,664752
03-11-2018,Autum,Weekend,no,616683
04-11-2018,Autum,Weekend,no,572792
05-11-2018,Autum,Weekday,no,729288
06-11-2018,Autum,Weekday,no,734415
07-11-2018,Autum,Weekday,no,735783
08-11-2018,Autum,Weekday,no,748887
09-11-2018,Autum,Weekend,no,736374
10-11-2018,Autum,Weekend,no,637030
11-11-2018,Autum,Weekend,no,581046
12-11-2018,Autum,Weekday,no,742933
13-11-2018,Autum,Weekday,no,760984
14-11-2018,Autum,Weekday,no,757194
15-11-2018,Autum,Weekday,no,767891
16-11-2018,Autum,Weekend,no,769166
17-11-2018,Autum,Weekend,no,691698
18-11-2018,Autum,Weekend,no,670982
19-11-2018,Autum,Weekday,no,857862
20-11-2018,Autum,Weekday,no,840173
21-11-2018,Autum,Weekday,no,822492
22-11-2018,Autum,Weekday,no,818956
23-11-2018,Autum,Weekend,no,807667
24-11-2018,Autum,Weekend,no,694476
25-11-2018,Autum,Weekend,no,651348
26-11-2018,Autum,Weekday,no,839749
27-11-2018,Autum,Weekday,no,874166
28-11-2018,Autum,Weekday,no,880159
29-11-2018,Autum,Weekday,no,876313
30-11-2018,Autum,Weekend,no,846677
01-12-2018,Winter,Weekend,no,734530
02-12-2018,Winter,Weekend,no,683356
03-12-2018,Winter,Weekday,no,817215
04-12-2018,Winter,Weekday,no,812777
05-12-2018,Winter,Weekday,no,820961
06-12-2018,Winter,Weekday,no,828407
07-12-2018,Winter,Weekend,no,788393
08-12-2018,Winter,Weekend,yes,684211
09-12-2018,Winter,Weekend,no,658352
10-12-2018,Winter,Weekday,no,831486
11-12-2018,Winter,Weekday,no,874610
12-12-2018,Winter,Weekday,no,889203
13-12-2018,Winter,Weekday,no,900732
14-12-2018,Winter,Weekend,no,883155
15-12-2018,Winter,Weekend,no,780927
16-12-2018,Winter,Weekend,no,727796
17-12-2018,Winter,Weekday,no,865444
18-12-2018,Winter,Weekday,no,860843
19-12-2018,Winter,Weekday,no,852757
20-12-2018,Winter,Weekday,no,827776
21-12-2018,Winter,Weekend,no,779643
22-12-2018,Winter,Weekend,no,684811
23-12-2018,Winter,Weekend,no,638646
24-12-2018,Winter,Weekday,no,641139
25-12-2018,Winter,Weekday,yes,628633
26-12-2018,Winter,Weekday,yes,633075
27-12-2018,Winter,Weekday,no,689185
28-12-2018,Winter,Weekend,no,692798
29-12-2018,Winter,Weekend,no,677797
30-12-2018,Winter,Weekend,no,644679
31-12-2018,Winter,Weekday,no,652041
